mfl_id,name,position,team,nflverse_name,draft_year,draft_round,draft_pick,draft_team,is_udfa,source
17523,"Caldwell, Jeff",WR,KCC,Jeff Caldwell,2026,,,,1,nflverse
17491,"Connors, Dean",RB,LAR,Dean Connors,2026,,,,1,nflverse
17469,"Daniels, Jalon",QB,TBB,Jalon Daniels,2026,,,,1,nflverse
17492,"Donaldson, CJ",RB,NOS,CJ Donaldson,2026,,,,1,nflverse
17720,"Gronowski, Mark",QB,MIA,Mark Gronowski,2026,,,,1,nflverse
17710,"Gyllenborg, John Michael",TE,KCC,John Michael Gyllenborg,2026,,,,1,nflverse
17719,"Haynes, Jamal",RB,CIN,Jamal Haynes,2026,,,,1,nflverse
17483,"Hemby, Roman",RB,LVR,Roman Hemby,2026,,,,1,nflverse
17709,"Henry, Robert",RB,WAS,Robert Henry Jr.,2026,,,,1,nflverse
17713,"King, Haynes",QB,CAR,Haynes King,2026,,,,1,nflverse
17718,"Montgomery, Myles",RB,NEP,Myles Montgomery,2026,,,,1,nflverse
17480,"Ott, Jaydn",RB,KCC,Jaydn Ott,2026,,,,1,nflverse
17515,"Rivers, Eric",WR,TBB,Eric Rivers Jr.,2026,,,,1,nflverse
17522,"Roberts, Chase",WR,LVR,Chase Roberts,2026,,,,1,nflverse
17487,"Taylor, J'Mari",RB,JAC,J'Mari Taylor,2026,,,,1,nflverse
17489,"Trayanum, Chip",RB,NYJ,Chip Trayanum,2026,,,,1,nflverse
17546,"Trigg, Michael",TE,DAL,Michael Trigg,2026,,,,1,nflverse
17490,"Whittington, Noah",RB,HOU,Noah Whittington,2026,,,,1,nflverse
17273,"Williams, Mario",WR,FA,Mario Williams,2026,,,,1,nflverse
17074,"Hunter, Travis",WR,JAC,Travis Hunter,2025,1.0,2.0,JAX,0,nflverse
17215,"Ouzts, Robbie",RB,SEA,Robbie Ouzts,2025,5.0,175.0,SEA,0,nflverse
17276,"Armstrong, Andrew",WR,KCC,Andrew Armstrong,2025,,,,1,nflverse
17307,"Bentley, Ulysses",RB,IND,Ulysses Bentley IV,2025,,,,1,nflverse
17076,"Bond, Isaiah",WR,CLE,Isaiah Bond,2025,,,,1,nflverse
17268,"Briningstool, Jake",TE,KCC,Jake Briningstool,2025,,,,1,nflverse
17091,"Brooks, Ja'Corey",WR,FA,Ja'Corey Brooks,2025,,,,1,nflverse
17282,"Brosmer, Max",QB,MIN,Max Brosmer,2025,,,,1,nflverse
17269,"Chism, Efton",WR,NEP,Efton Chism III,2025,,,,1,nflverse
17303,"Collins, Beaux",WR,ATL,Beaux Collins,2025,,,,1,nflverse
17284,"Conyers, Jalin",TE,FA,Jalin Conyers,2025,,,,1,nflverse
17040,"Cook, Brady",QB,NYJ,Brady Cook,2025,,,,1,nflverse
17333,"Cooper, Darius",WR,PHI,Darius Cooper,2025,,,,1,nflverse
17294,"Dekkers, Hunter",QB,NOS,Hunter Dekkers,2025,,,,1,nflverse
17057,"Edwards, Donovan",RB,MIA,Donovan Edwards,2025,,,,1,nflverse
17329,"Jackson, Ja'Quinden",RB,PHI,Ja'Quinden Jackson,2025,,,,1,nflverse
17272,"Johnson, Amar",RB,LAC,Amar Johnson,2025,,,,1,nflverse
17266,"Johnson, Montrell",RB,FA,Montrell Johnson Jr.,2025,,,,1,nflverse
17274,"Kiner, Corey",RB,ARI,Corey Kiner,2025,,,,1,nflverse
17267,"Larison, Lan",RB,NEP,Lan Larison,2025,,,,1,nflverse
17334,"Meeks, Jackson",WR,DET,Jackson Meeks,2025,,,,1,nflverse
17100,"Nash, Nick",WR,WAS,Nick Nash,2025,,,,1,nflverse
17275,"Neyor, Isaiah",WR,GBP,Isaiah Neyor,2025,,,,1,nflverse
17360,"Price, Myles",WR,MIN,Myles Price,2025,,,,1,nflverse
17077,"Restrepo, Xavier",WR,TEN,Xavier Restrepo,2025,,,,1,nflverse
17062,"Sanders, Raheim",RB,CLE,Raheim Sanders,2025,,,,1,nflverse
17312,"Simon, Joshua",TE,ATL,Joshua Simon,2025,,,,1,nflverse
17308,"Uiagalelei, DJ",QB,LAC,DJ Uiagalelei,2025,,,,1,nflverse
17353,"Walker, Jahdae",WR,CHI,Jahdae Walker,2025,,,,1,nflverse
17088,"Wease, Theo",WR,MIA,Theo Wease Jr.,2025,,,,1,nflverse
17089,"Wells, Antwane",WR,ATL,Antwane Wells Jr.,2025,,,,1,nflverse
17359,"Williams, Josh",RB,TBB,Josh Williams,2025,,,,1,nflverse
17382,"Wright, Jacardia",RB,SEA,Jacardia Wright,2025,,,,1,nflverse
16611,"Bailey, Emani",RB,FA,Emani Bailey,2024,,,,1,nflverse
16816,"Brooks, British",RB,HOU,British Brooks,2024,,,,1,nflverse
16809,"Coker, Jalen",WR,CAR,Jalen Coker,2024,,,,1,nflverse
16979,"Grandy, Cam",TE,CIN,Cam Grandy,2024,,,,1,nflverse
16587,"Hartman, Sam",QB,WAS,Sam Hartman,2024,,,,1,nflverse
16608,"Holani, George",RB,SEA,George Holani,2024,,,,1,nflverse
16957,"Jennings, Terrell",RB,FA,Terrell Jennings,2024,,,,1,nflverse
16883,"Johnson, Kameron",WR,TBB,Kameron Johnson,2024,,,,1,nflverse
16868,"Martinez, Adrian",QB,SFO,Adrian Martinez,2024,,,,1,nflverse
16687,"Miller, Dante",RB,FA,Dante Miller,2024,,,,1,nflverse
16606,"Milton, Kendall",RB,CIN,Kendall Milton,2024,,,,1,nflverse
16975,"Oliver, Bryce",WR,TEN,Bryce Oliver,2024,,,,1,nflverse
16600,"Schrader, Cody",RB,DEN,Cody Schrader,2024,,,,1,nflverse
16647,"Spann-Ford, Brevyn",TE,DAL,Brevyn Spann-Ford,2024,,,,1,nflverse
16612,"Steele, Carson",RB,PHI,Carson Steele,2024,,,,1,nflverse
16858,"Tipton, Mason",WR,NOS,Mason Tipton,2024,,,,1,nflverse
16803,"Watson, Blake",RB,FA,Blake Watson,2024,,,,1,nflverse
16634,"Weaver, Xavier",WR,ARI,Xavier Weaver,2024,,,,1,nflverse
16871,"Wheeler, Ian",RB,BUF,Ian Wheeler,2024,,,,1,nflverse
16898,"Yankoff, Colson",TE,WAS,Colson Yankoff,2024,,,,1,nflverse
16474,"Adkins, Nate",TE,DEN,Nate Adkins,2023,,,,1,nflverse
16384,"Bagent, Tyson",QB,CHI,Tyson Bagent,2023,,,,1,nflverse
16393,"Bobo, Jake",WR,SEA,Jake Bobo,2023,,,,1,nflverse
16387,"Brooks, Chris",RB,GBP,Chris Brooks,2023,,,,1,nflverse
16423,"Brownlee, Jason",WR,KCC,Jason Brownlee,2023,,,,1,nflverse
16441,"DeVito, Tommy",QB,NEP,Tommy DeVito,2023,,,,1,nflverse
16385,"Demercado, Emari",RB,KCC,Emari Demercado,2023,,,,1,nflverse
16379,"Ford-Wheaton, Bryce",WR,NYG,Bryce Ford-Wheaton,2023,,,,1,nflverse
16416,"Gipson, Xavier",WR,NYG,Xavier Gipson,2023,,,,1,nflverse
16413,"Heath, Malik",WR,ATL,Malik Heath,2023,,,,1,nflverse
16425,"Hill, Julian",TE,NEP,Julian Hill,2023,,,,1,nflverse
16198,"Jarrett, Rakim",WR,PIT,Rakim Jarrett,2023,,,,1,nflverse
16391,"Luepke, Hunter",RB,DAL,Hunter Luepke,2023,,,,1,nflverse
16390,"McLaughlin, Jaleel",RB,DEN,Jaleel McLaughlin,2023,,,,1,nflverse
16958,"Miller, Ryan",WR,NYG,Ryan Miller,2023,,,,1,nflverse
16424,"Mims, Jordan",RB,FA,Jordan Mims,2023,,,,1,nflverse
16178,"Mitchell, Keaton",RB,LAC,Keaton Mitchell,2023,,,,1,nflverse
16380,"Prince, Deneric",RB,NEP,Deneric Prince,2023,,,,1,nflverse
16422,"Remigio, Nikko",WR,KCC,Nikko Remigio,2023,,,,1,nflverse
16850,"Saylors, Jacob",RB,DET,Jacob Saylors,2023,,,,1,nflverse
17337,"Scott, Zavier",RB,MIN,Zavier Scott,2023,,,,1,nflverse
16451,"Shavers, Tyrell",WR,BUF,Tyrell Shavers,2023,,,,1,nflverse
16403,"Tinsley, Mitchell",WR,CIN,Mitchell Tinsley,2023,,,,1,nflverse
16949,"Tremayne, Brycen",WR,CAR,Brycen Tremayne,2023,,,,1,nflverse
16166,"Tucker, Sean",RB,TBB,Sean Tucker,2023,,,,1,nflverse
16940,"Whiteheart, Blake",TE,CLE,Blake Whiteheart,2023,,,,1,nflverse
16432,"Wilson, Emanuel",RB,SEA,Emanuel Wilson,2023,,,,1,nflverse
15973,"Blackshear, Raheem",RB,DET,Raheem Blackshear,2022,,,,1,nflverse
15965,"Chestnut, Julius",RB,TEN,Julius Chestnut,2022,,,,1,nflverse
15991,"Conner, Tanner",TE,NYG,Tanner Conner,2022,,,,1,nflverse
15738,"Davis, Malik",RB,DAL,Malik Davis,2022,,,,1,nflverse
15730,"Goodson, Tyler",RB,ATL,Tyler Goodson,2022,,,,1,nflverse
15727,"Knight, Bam",RB,ARI,Bam Knight,2022,,,,1,nflverse
15970,"Krull, Lucas",TE,DEN,Lucas Krull,2022,,,,1,nflverse
15972,"Mason, Jordan",RB,MIN,Jordan Mason,2022,,,,1,nflverse
15743,"McCormick, Sincere",RB,SFO,Sincere McCormick,2022,,,,1,nflverse
15726,"Rivers, Ronnie",RB,LAR,Ronnie Rivers,2022,,,,1,nflverse
15763,"Ross, Justyn",WR,FA,Justyn Ross,2022,,,,1,nflverse
16080,"Shaheed, Rashid",WR,SEA,Rashid Shaheed,2022,,,,1,nflverse
16113,"Smartt, Stone",TE,PHI,Stone Smartt,2022,,,,1,nflverse
16036,"Tonges, Jake",TE,SFO,Jake Tonges,2022,,,,1,nflverse
15981,"Turpin, KaVontae",WR,DAL,KaVontae Turpin,2022,,,,1,nflverse
15742,"Warren, Jaylen",RB,PIT,Jaylen Warren,2022,,,,1,nflverse
15341,"Morris, Quintin",TE,JAC,Quintin Morris,2021,,,,1,nflverse
15541,"Stoll, Jack",TE,CLE,Jack Stoll,2021,,,,1,nflverse
15995,"Turner, DJ",WR,FA,DJ Turner,2021,,,,1,nflverse
15626,"Wright, Brock",TE,DET,Brock Wright,2021,,,,1,nflverse
15339,"Yeboah, Kenny",TE,DET,Kenny Yeboah,2021,,,,1,nflverse
15604,"Zylstra, Shane",TE,BUF,Shane Zylstra,2021,,,,1,nflverse
14837,"Hamler, KJ",WR,FA,KJ Hamler,2020,2.0,46.0,DEN,0,nflverse
14823,"Dowdle, Rico",RB,PIT,Rico Dowdle,2020,,,,1,nflverse
14821,"Hasty, JaMycal",RB,FA,JaMycal Hasty,2020,,,,1,nflverse
14789,"Huntley, Tyler",QB,BAL,Tyler Huntley,2020,,,,1,nflverse
14861,"Johnson, Juwan",TE,NOS,Juwan Johnson,2020,,,,1,nflverse
14828,"Jones, Tony",RB,FA,Tony Jones,2020,,,,1,nflverse
14817,"Taylor, Patrick",RB,SFO,Patrick Taylor,2020,,,,1,nflverse
15109,"Westbrook-Ikhine, Nick",WR,IND,Nick Westbrook-Ikhine,2020,,,,1,nflverse
14358,"Browning, Jake",QB,TBB,Jake Browning,2019,,,,1,nflverse
14108,"Dortch, Greg",WR,DET,Greg Dortch,2019,,,,1,nflverse
14315,"Dulin, Ashton",WR,IND,Ashton Dulin,2019,,,,1,nflverse
14118,"Humphrey, Lil'Jordan",WR,DEN,Lil'Jordan Humphrey,2019,,,,1,nflverse
14420,"Ingold, Alec",RB,LAC,Alec Ingold,2019,,,,1,nflverse
14331,"Johnson, D'Ernest",RB,NEP,D'Ernest Johnson,2019,,,,1,nflverse
14127,"Meyers, Jakobi",WR,JAC,Jakobi Meyers,2019,,,,1,nflverse
14341,"Parham, Donald",TE,PIT,Donald Parham,2019,,,,1,nflverse
14727,"Reynolds, Craig",RB,WAS,Craig Reynolds,2019,,,,1,nflverse
14065,"Rypien, Brett",QB,HOU,Brett Rypien,2019,,,,1,nflverse
14110,"Sills, David",WR,TBB,David Sills,2019,,,,1,nflverse
14592,"Zaccheaus, Olamide",WR,ATL,Olamide Zaccheaus,2019,,,,1,nflverse
13879,"Allen, Kyle",QB,BUF,Kyle Allen,2018,,,,1,nflverse
13850,"Edwards, Gus",RB,FA,Gus Edwards,2018,,,,1,nflverse
13963,"Hodge, KhaDarel",WR,SFO,KhaDarel Hodge,2018,,,,1,nflverse
14370,"Hudson, Tanner",TE,CIN,Tanner Hudson,2018,,,,1,nflverse
13632,"Lazard, Allen",WR,FA,Allen Lazard,2018,,,,1,nflverse
13910,"Powell, Brandon",WR,FA,Brandon Powell,2018,,,,1,nflverse
13893,"Sherfield, Trent",WR,BUF,Trent Sherfield,2018,,,,1,nflverse
14017,"Wilson, Jeffery",RB,MIA,Jeff Wilson,2018,,,,1,nflverse
13308,"Agnew, Jamal",WR,FA,Jamal Agnew,2017,5.0,165.0,DET,0,nflverse
13246,"Alie-Cox, Mo",TE,IND,Mo Alie-Cox,2017,,,,1,nflverse
13418,"Bourne, Kendrick",WR,ARI,Kendrick Bourne,2017,,,,1,nflverse
13994,"Brown, Pharaoh",TE,IND,Pharaoh Brown,2017,,,,1,nflverse
13404,"Ekeler, Austin",RB,FA,Austin Ekeler,2017,,,,1,nflverse
13424,"Hill, Taysom",TE,FA,Taysom Hill,2017,,,,1,nflverse
13968,"Mullens, Nick",QB,JAC,Nick Mullens,2017,,,,1,nflverse
13940,"Mundt, Johnny",TE,PHI,Johnny Mundt,2017,,,,1,nflverse
13148,"Ogunbowale, Dare",RB,LVR,Dare Ogunbowale,2017,,,,1,nflverse
13488,"Pascal, Zach",WR,FA,Zach Pascal,2017,,,,1,nflverse
13377,"Patrick, Tim",WR,NYJ,Tim Patrick,2017,,,,1,nflverse
13455,"Ricard, Patrick",RB,NYG,Patrick Ricard,2017,,,,1,nflverse
13124,"Rush, Cooper",QB,ATL,Cooper Rush,2017,,,,1,nflverse
13427,"Tonyan, Robert",TE,PIT,Robert Tonyan,2017,,,,1,nflverse
12923,"Ham, C.J.",RB,FA,C.J. Ham,2016,,,,1,nflverse
13066,"Raymond, Kalif",WR,CHI,Kalif Raymond,2016,,,,1,nflverse
12394,"Carter, DeAndre",WR,CLE,DeAndre Carter,2015,,,,1,nflverse
12476,"Heinicke, Taylor",QB,FA,Taylor Heinicke,2015,,,,1,nflverse
12955,"Manhertz, Chris",TE,NYG,Chris Manhertz,2015,,,,1,nflverse
12447,"Mostert, Raheem",RB,LVR,Raheem Mostert,2015,,,,1,nflverse
11647,"Thomas, Logan",TE,FA,Logan Thomas,2014,4.0,120.0,ARI,0,nflverse
11232,"Hopkins, DeAndre",WR,FA,DeAndre Hopkins,2013,1.0,27.0,HOU,0,nflverse
11225,"Patterson, Cordarrelle",RB,FA,Cordarrelle Patterson,2013,1.0,29.0,MIN,0,nflverse
11247,"Ertz, Zach",TE,FA,Zach Ertz,2013,2.0,35.0,PHI,0,nflverse
11150,"Smith, Geno",QB,NYJ,Geno Smith,2013,2.0,39.0,NYJ,0,nflverse
11244,"Kelce, Travis",TE,KCC,Travis Kelce,2013,3.0,63.0,KC,0,nflverse
11222,"Allen, Keenan",WR,FA,Keenan Allen,2013,3.0,76.0,LAC,0,nflverse
11367,"Juszczyk, Kyle",RB,SFO,Kyle Juszczyk,2013,4.0,130.0,BAL,0,nflverse
11938,"Thielen, Adam",WR,FA,Adam Thielen,2013,,,,1,nflverse
10697,"Tannehill, Ryan",QB,FA,Ryan Tannehill,2012,1.0,8.0,MIA,0,nflverse
10703,"Wilson, Russell",QB,FA,Russell Wilson,2012,3.0,75.0,SEA,0,nflverse
10700,"Cousins, Kirk",QB,LVR,Kirk Cousins,2012,4.0,102.0,WAS,0,nflverse
10948,"Keenum, Case",QB,CHI,Case Keenum,2012,,,,1,nflverse
10271,"Jones, Julio",WR,FA,Julio Jones,2011,1.0,6.0,ATL,0,nflverse
10313,"Dalton, Andy",QB,PHI,Andy Dalton,2011,2.0,35.0,CIN,0,nflverse
10413,"Taylor, Tyrod",QB,GBP,Tyrod Taylor,2011,6.0,180.0,BAL,0,nflverse
9431,"Stafford, Matthew",QB,LAR,Matthew Stafford,2009,1.0,1.0,DET,0,nflverse
9064,"Flacco, Joe",QB,CIN,Joe Flacco,2008,1.0,18.0,BAL,0,nflverse
9207,"Johnson, Josh",QB,CIN,Josh Johnson,2008,5.0,160.0,TB,0,nflverse
7836,"Rodgers, Aaron",QB,PIT,Aaron Rodgers,2005,1.0,24.0,GB,0,nflverse
5848,"Brady, Tom",QB,FA,Tom Brady,2000,6.0,199.0,NE,0,nflverse
